date,Alphabet City,Astoria,Battery Park City,Bay Ridge,Bayside,Bedford,Belmont,Bensonhurst West,Bloomingdale,Boerum Hill,Borough Park,Briarwood/Jamaica Hills,Brooklyn Heights,Brooklyn Navy Yard,Brownsville,Bushwick North,Bushwick South,Canarsie,Carroll Gardens,Central Harlem,Central Harlem North,Central Park,Chinatown,Clinton East,Clinton Hill,Clinton West,Cobble Hill,Columbia Street,Corona,Crown Heights North,Crown Heights South,DUMBO/Vinegar Hill,Downtown Brooklyn/MetroTech,Dyker Heights,East Chelsea,East Elmhurst,East Flatbush/Farragut,East Flatbush/Remsen Village,East Harlem North,East Harlem South,East New York,East Village,East Williamsburg,Elmhurst,Elmhurst/Maspeth,Erasmus,Financial District North,Financial District South,Flatbush/Ditmas Park,Flatiron,Flatlands,Flushing,Forest Hills,Fort Greene,Garment District,Glendale,Gowanus,Gramercy,Greenpoint,Greenwich Village North,Greenwich Village South,Hamilton Heights,Hillcrest/Pomonok,Homecrest,Hudson Sq,Inwood,JFK Airport,Jackson Heights,Jamaica,Kensington,Kew Gardens,Kew Gardens Hills,Kips Bay,LaGuardia Airport,Lenox Hill East,Lenox Hill West,Lincoln Square East,Lincoln Square West,Little Italy/NoLiTa,Long Island City/Hunters Point,Long Island City/Queens Plaza,Lower East Side,Manhattan Valley,Manhattanville,Marine Park/Mill Basin,Maspeth,Meatpacking/West Village West,Middle Village,Midtown Center,Midtown East,Midtown North,Midtown South,Midwood,Morningside Heights,Mott Haven/Port Morris,Murray Hill,Ocean Hill,Old Astoria,Park Slope,Penn Station/Madison Sq West,Prospect Heights,Prospect-Lefferts Gardens,Red Hook,Rego Park,Richmond Hill,Ridgewood,Riverdale/North Riverdale/Fieldston,Seaport,SoHo,South Ozone Park,Spuyten Duyvil/Kingsbridge,Steinway,Stuy Town/Peter Cooper Village,Stuyvesant Heights,Sunnyside,Sunset Park East,Sunset Park West,Sutton Place/Turtle Bay North,Times Sq/Theatre District,TriBeCa/Civic Center,Two Bridges/Seward Park,UN/Turtle Bay South,Union Sq,Upper East Side North,Upper East Side South,Upper West Side North,Upper West Side South,Washington Heights North,Washington Heights South,West Chelsea/Hudson Yards,West Concourse,West Village,Williamsburg (North Side),Williamsburg (South Side),Windsor Terrace,Woodhaven,Woodside,World Trade Center,Yorkville East,Yorkville West
2015-06-30 00:00:00,13.970767,19.613064,29.10565,7.2010326,1.8280765,22.219511,1.815627,1.869089,4.332752,14.663444,4.127615,2.6122296,14.942909,3.3176103,2.2090807,22.361649,35.729805,3.9292,9.321695,15.194621,12.613382,6.280003,8.831194,50.707184,24.163013,27.187027,5.152928,2.7937603,1.9172834,26.334715,6.1107993,14.949243,12.460949,1.2579871,68.84691,2.9290247,3.451,3.9286828,11.520039,9.099321,5.005306,100.216385,32.894146,6.4498043,2.1746247,3.3944316,37.98628,16.954573,13.942389,46.739388,4.1368175,4.552611,8.663338,19.32929,41.918926,1.9139284,10.48328,52.674934,30.672575,56.046104,56.07969,8.724385,3.5380566,3.2247148,27.224936,4.1093845,167.21751,7.1802964,4.983314,2.0412703,2.109685,2.0920854,18.782196,95.0828,16.33064,24.523693,42.494514,12.768509,60.045353,16.160713,3.0208025,55.78795,7.823054,4.9433,1.880538,2.9854503,64.62267,2.0235386,152.01808,85.33004,84.26157,54.102833,4.171658,11.061954,2.526146,58.657158,3.2544782,4.362869,37.524555,46.343735,13.173676,9.047924,3.7286904,2.669559,2.0556116,7.0492587,1.3171104,9.947773,51.147198,2.552903,2.566248,8.553383,8.827619,16.045723,9.088237,1.5775352,6.4866447,28.294353,115.829056,84.52882,16.54494,23.35817,109.23783,21.795776,34.472782,13.425597,23.287048,8.717673,10.519419,63.179485,5.9417295,65.60831,66.74665,41.614616,3.5663764,2.174731,3.6176162,16.133974,9.036218,15.910063
2015-06-30 01:00:00,8.918631,12.402044,14.982242,3.9307263,1.2274489,14.431038,1.0773562,1.1188698,2.9812367,7.8737164,2.532035,2.1118464,6.671356,1.8815821,1.3980612,18.508144,26.033213,3.0935194,4.386184,8.446262,8.048374,3.003662,7.0718694,27.89169,14.607398,14.595835,2.5899336,1.1564143,1.431867,17.149887,3.4919853,7.3268814,7.074592,0.63825774,43.936996,1.6580497,2.4732313,2.8513904,7.1216345,5.061888,3.5896566,65.244194,22.719992,4.924093,1.5925763,1.9215757,20.343084,9.369387,7.9111176,26.35027,2.820326,2.8742738,4.90146,11.573452,23.352346,1.3191888,5.7968245,29.930996,20.039806,24.497532,30.25727,5.67222,2.293444,1.7120966,13.295113,2.7121549,130.81383,4.0371194,3.7250872,1.2263283,1.2226039,1.7178134,11.809772,46.86147,8.09775,12.305743,20.579515,6.9921985,31.547121,9.227792,1.9685539,41.271294,4.399051,2.840265,1.1526887,1.838743,43.02801,1.3051656,76.77642,43.702618,38.00358,31.875366,2.1256177,6.2843413,1.7079155,30.084843,2.7444344,2.692958,18.634188,25.145914,6.738875,6.150495,2.3674178,1.616481,1.3289813,4.737919,0.6730015,5.563236,25.811996,1.4862083,1.3168184,5.387932,4.5407662,11.785771,5.2169776,1.1388535,4.291478,12.391425,67.18728,41.851616,9.12732,12.128579,44.15389,9.630086,14.473191,6.547371,12.091346,5.8235183,6.7566214,32.084606,2.9598606,32.3901,48.853783,27.351046,1.7934979,1.4462799,2.9019487,8.804693,4.760352,8.452472
2015-06-30 02:00:00,5.2073765,7.42183,7.7755446,2.0907037,0.8812362,7.9985204,0.6412769,0.56800634,1.9140333,3.9936302,1.3594784,1.6968565,3.1764157,0.8486074,0.8668453,12.16908,15.472886,2.1297314,2.047735,4.399625,4.6590714,1.1230826,5.1297226,15.944614,7.6997514,8.029213,1.2512872,0.42069256,0.92463183,9.289732,1.7724955,3.0839913,3.732428,0.3120144,25.639868,0.98240185,1.681735,1.6357628,3.7399814,2.5572464,2.1219575,34.669643,13.701964,3.4296803,1.0721205,0.9588616,8.609304,4.4837704,3.9079685,15.179261,2.0044482,1.9184476,2.410761,5.9539504,11.344394,0.74965847,2.3249302,15.86845,11.268671,9.861109,12.528514,3.670374,1.3260483,0.6390423,5.3688607,1.7126262,57.707024,2.413833,2.3601077,0.72718745,0.67452025,1.5382347,6.161493,15.575998,4.2682014,6.681551,8.515024,3.8443766,13.414934,4.6333685,1.1367874,25.748905,2.592079,1.6212338,0.6167265,1.3222432,20.771208,0.85059524,29.903925,18.784904,13.868228,16.404016,0.95947975,4.0472336,1.3494453,15.553728,2.0288274,1.7332438,7.0601797,10.438835,3.109792,3.588795,1.4755926,0.8864201,0.91450465,3.0065503,0.46665052,2.8163886,11.405075,0.8865506,0.75003874,3.200314,2.9282713,7.270132,2.9359932,0.6399416,2.7868223,6.066507,27.84842,17.101175,4.5514736,5.9139214,14.773711,3.8892212,5.065577,3.6690772,5.847364,3.4886718,4.5853257,15.30395,1.5729847,15.893432,25.735765,15.64657,0.91156024,0.8509932,2.2070272,4.454484,3.0902033,4.315688
2015-06-30 03:00:00,3.5767977,5.3314137,5.031427,1.1556655,0.5893798,4.1780777,0.38578695,0.28757223,1.3924984,2.496246,0.67286706,1.1630222,2.1411595,0.44366446,0.56625456,6.829753,8.672359,1.3109671,1.2856818,2.6303244,2.806366,0.48619577,3.692212,11.331049,4.117491,5.29685,0.7894855,0.20635836,0.5730201,5.1094356,1.0173603,1.5592636,2.5448442,0.20838621,17.375341,0.66727686,0.9665785,0.70719385,2.2185028,1.6185305,0.9537447,19.46492,8.68055,2.2007244,0.65838546,0.54112214,4.55479,2.2035978,2.497094,10.231645,1.4216541,1.2229373,1.6184025,3.1712728,5.458189,0.4068443,0.9518746,10.117764,6.734501,5.3800178,5.553428,2.5053332,0.72506064,0.27039966,2.5348806,1.0796558,17.189032,1.6333672,1.2359442,0.4990218,0.46338442,1.2077216,4.05614,5.056028,2.6001787,4.737094,4.99039,3.0711465,7.233697,2.725696,0.7420416,15.4807625,1.8396133,1.0117925,0.2822595,0.9441632,9.610985,0.51003313,11.945004,9.705348,7.0277886,9.618757,0.4939272,2.8973014,1.0629475,8.989907,1.2536474,1.1322604,3.6891928,4.3561945,1.742515,1.9676223,0.7674862,0.60316396,0.6229968,1.7958035,0.37153453,1.6719109,5.733096,0.5966374,0.495314,2.219028,2.3817465,4.0674653,1.9851096,0.41602468,1.7660681,4.3952613,14.19905,9.155412,2.5822246,3.3123176,5.9062757,2.051766,2.5992916,2.5737894,3.6622226,2.3271284,3.0472476,8.985262,0.7425676,9.734094,13.852316,8.586373,0.5763105,0.49420524,1.7485019,2.6509655,2.8645015,2.8932717
2015-06-30 04:00:00,3.582725,6.0154634,5.0844474,1.2460594,0.6081131,3.664154,0.31692737,0.24239044,1.3702073,3.0673685,0.51391613,0.9955134,2.8440187,0.3583624,0.5985441,5.251673,7.114819,1.0918669,1.5079396,2.970078,3.3376677,0.45135576,2.5794513,11.067393,3.656456,4.6277194,0.9668934,0.22565934,0.5697905,4.681657,1.1368897,1.4587476,2.9714813,0.26244295,14.399203,0.67397666,0.7374519,0.5335313,2.3029718,1.9456589,0.6760872,16.27217,8.056161,2.0120728,0.53948104,0.5744239,4.818286,1.4992034,2.797546,9.574852,1.2769713,1.0290825,2.2814252,2.9766853,3.1455562,0.4233612,0.79512525,9.885028,6.761,5.828542,4.2463245,2.770842,0.6062529,0.29254714,2.4035485,0.9479301,10.735231,1.7157586,0.7918397,0.5883432,0.5227008,0.97448003,4.6912756,3.2916124,2.6630163,5.3444576,5.68049,4.2076535,6.622953,3.068304,0.8787984,11.762818,2.3708825,1.0248597,0.20967072,0.95556617,7.3582544,0.54899216,7.8710093,6.976038,6.225521,8.268143,0.56070906,2.457948,1.0432067,7.0378366,0.9063732,1.3220575,4.5765715,3.0595756,1.7957462,1.8978789,0.48068023,0.6560079,0.6876098,1.6325464,0.41237187,1.9055636,5.0446086,0.6634372,0.51806986,2.9076662,2.9257917,3.4595852,2.2119365,0.44282073,1.64887,4.7756295,13.331186,10.04585,2.5908608,3.253095,5.0687046,2.288468,2.8848317,3.0450263,4.6132836,2.4285915,3.114854,8.145214,0.44464818,10.602373,11.829466,7.6621523,0.754926,0.52738184,1.7741525,2.1957433,3.4312763,3.9199984
2015-06-30 05:00:00,5.857457,10.640028,7.240899,2.464866,0.80253756,5.476493,0.40166834,0.3679854,2.0338433,5.5165825,0.58461994,1.2276652,5.4667315,0.42947966,1.0691597,6.097563,9.175677,1.540171,2.6985896,5.537286,6.259465,0.90116507,2.078449,13.80488,5.8678565,6.3268886,1.8245201,0.39249817,0.7586787,7.270973,2.156143,2.3002133,5.2718163,0.47223407,17.209803,1.0698073,1.0939832,0.88484174,3.7901602,3.4033675,1.0153688,20.963923,11.475555,2.4191852,0.6457103,0.8697131,8.875614,1.4881033,4.2929754,12.223899,1.5994484,1.3394015,4.6870246,4.316269,2.2925503,0.81147957,1.2343391,13.118325,9.564556,9.709856,5.22811,4.617544,0.8375343,0.6316309,3.441229,1.677823,18.557898,2.8211384,0.779428,0.78230566,0.904302,0.94908905,7.2766733,3.2944605,4.6350045,9.327404,9.063138,6.882063,7.925232,5.0687866,1.2592322,12.145765,4.4605303,1.4155464,0.34862936,1.6867127,10.764068,0.99324495,7.306907,7.0000367,7.8259478,9.356842,0.9731397,3.2663176,1.443946,9.222614,1.0912846,2.4680986,9.936148,2.9999008,3.351322,3.1099467,0.5395749,0.9696739,1.023731,2.352541,0.795126,3.2666943,7.3296714,1.1252407,0.81623054,4.9262667,5.0083647,5.3770995,3.4628375,0.6139516,2.3345199,6.8644643,11.925025,16.319866,4.2089705,5.639242,7.7641907,4.9305725,5.527395,6.264282,8.431852,3.5148757,5.3262057,9.700647,0.5322676,16.921015,17.056889,11.128782,1.5188903,0.9838553,2.1832154,3.0325408,4.8535886,8.014229
2015-06-30 06:00:00,10.133402,18.200388,12.391169,5.2373676,1.100667,9.621523,0.63790935,0.8083232,3.0945978,9.746444,0.9237134,2.000783,9.650322,0.61467665,1.856254,7.95108,12.949565,2.8517723,4.714249,9.920196,11.921413,2.0278957,2.6975641,20.391817,10.165217,10.902699,3.372193,0.9367789,1.1885414,13.800163,4.2690835,4.395885,9.014392,0.9682338,22.68455,2.2716503,1.9232787,2.0565913,7.3650856,6.5320873,2.2609563,32.49984,18.076324,3.6769357,1.05119,1.4677932,15.646265,1.9278269,7.036083,18.751009,2.4249635,1.9799441,8.2191725,7.038821,2.3045337,1.5214442,2.3012884,21.921608,15.335192,16.085371,9.070299,6.9017367,1.4720818,2.0262346,5.6978555,3.1907399,49.702923,5.245945,1.0474042,1.241128,1.6282728,1.31377,13.432395,5.458728,9.959546,19.059484,16.866226,13.074997,11.548651,8.915706,2.0287664,14.756753,8.413917,2.0801783,0.7239879,2.9937491,18.153118,1.9805012,8.38922,8.657891,11.629412,13.021757,1.8956914,4.798873,1.8739991,17.506844,1.7924668,5.1719093,21.241735,4.2243743,6.9565883,5.623319,0.82676417,1.7854007,1.637068,3.749422,1.8864276,5.5265303,13.671596,2.2213671,1.6401889,7.751319,10.652432,10.443768,6.3698306,1.0494324,3.823004,12.4607,13.614869,30.794016,7.564174,11.688387,14.526043,15.168178,12.971931,14.511897,18.075785,6.0720687,9.161637,15.094703,0.87286127,29.176819,24.585989,15.702862,2.9055061,1.9533857,2.862711,5.195514,9.670254,18.71704
2015-06-30 07:00:00,17.494368,21.894787,20.51783,10.140502,1.4486554,14.069411,1.0416521,2.0692782,4.883013,13.337803,1.9428335,3.7721958,13.994852,0.96013284,2.9212053,9.652645,16.904068,5.8707585,7.057425,14.905947,18.18105,4.4543767,4.3212633,32.717163,16.902716,18.017036,5.2757483,2.3176472,2.05942,23.210226,6.729876,6.8490715,13.303995,1.9276482,35.43974,5.050461,3.2836852,4.7585726,13.421957,10.282965,4.935135,54.255074,24.243198,5.273093,2.2131362,2.0460157,19.266354,2.6350992,11.891471,33.494972,3.9635859,2.8729618,10.48576,11.208114,3.1947231,2.397177,4.079307,38.754436,24.56548,25.921888,17.319916,9.748656,2.7958856,5.8798122,10.143061,4.765599,75.75421,10.22275,1.6985278,2.3564267,2.790461,2.370763,23.080482,13.823241,19.300566,36.02959,32.487835,26.777195,19.514265,11.99231,3.6145668,22.343485,16.759432,2.9352236,1.5731589,4.496958,29.365404,3.6201713,10.2865505,13.407544,18.151176,19.645552,4.714035,7.195923,1.8903177,31.561026,3.2110913,7.99615,38.449135,8.892105,12.188975,8.766039,1.4262451,3.3279412,2.6548953,6.046252,3.7685885,7.852307,23.178946,4.096822,3.9534402,11.123791,20.220629,16.218863,11.318282,1.8688015,5.5492496,23.80072,19.474663,57.591087,12.044488,22.339832,25.341908,43.887737,28.994928,32.251446,38.493362,11.104285,13.917156,26.174736,1.5527235,43.4643,34.258324,20.614004,4.6438546,3.267949,4.112659,8.192829,28.788511,40.717766
2015-06-30 08:00:00,25.144743,23.358738,28.80085,13.308195,1.8510133,17.693357,1.8234404,3.8855028,8.658423,18.08455,4.4159427,5.439763,21.209864,1.7512769,3.2719982,10.957219,19.29376,8.2210865,9.2488575,21.688173,20.943598,10.9484415,6.7722683,60.858955,24.227165,35.750774,7.6051855,3.9535093,3.597148,27.950857,7.9158998,9.851041,18.19442,3.4095979,65.26457,7.8878546,4.8380256,5.960203,18.237764,14.724864,6.828434,81.48671,28.371038,6.9791737,3.8907285,2.5378613,21.300749,3.9876645,16.244516,57.67614,5.7726836,4.1718645,13.495877,18.481024,7.0354786,3.3081303,6.037245,65.80428,33.930244,42.825863,28.007385,12.293701,4.5029116,9.11139,18.930038,6.240456,64.8848,17.109665,2.4683325,4.3050547,4.0043335,4.207486,39.573025,33.90298,35.096474,75.71729,62.562088,52.285778,36.569668,17.11963,5.7376156,34.310062,29.84602,3.801793,2.6043472,5.626915,52.927746,4.799699,14.489573,21.172365,36.89122,36.70055,8.412782,10.931587,2.0219374,50.84969,4.265941,9.451739,51.641262,24.787142,16.26338,10.628623,2.1856701,5.7712455,4.3986435,7.749567,6.6966276,10.836081,43.116642,5.2648478,6.851919,15.310362,36.487724,17.18741,18.00739,2.701647,8.122655,48.83058,34.295006,85.24975,18.064554,36.18079,40.528217,101.58994,66.50169,62.07128,78.458855,13.447662,16.640022,62.003887,2.4732318,62.037083,44.803753,26.906523,6.4942694,4.158019,5.283026,10.839152,67.68957,66.55328
2015-06-30 09:00:00,29.216265,22.460297,30.61499,13.026179,1.8420756,19.45273,2.3512402,3.3342094,9.123865,21.092648,6.1861067,5.2954493,22.938784,2.620412,2.6897478,11.906525,18.918964,7.1017227,10.733911,20.280064,20.941853,13.667071,8.176698,80.77513,28.871714,45.327015,9.119673,3.7343242,3.74085,24.451431,7.863289,14.960448,20.396305,3.2681248,69.96599,7.552411,4.5648084,5.2785845,16.697071,14.281452,4.9550443,101.94621,32.071117,5.9301567,2.6284297,2.492901,24.768108,4.71552,16.819645,63.434395,5.9110518,4.4908724,15.003385,23.82124,14.137905,2.441978,6.4471936,84.47444,42.216156,50.193172,30.219767,12.871001,5.043873,9.004047,26.24322,5.143809,36.636864,14.906464,2.8584728,5.5493665,4.1777344,5.0834064,52.438396,78.37161,42.930077,87.72839,71.52815,56.266098,46.0756,20.500887,6.494616,41.780037,28.119148,5.0700583,2.6633544,5.3256807,57.93998,3.9721203,25.732094,27.730762,49.96772,45.20345,9.314853,12.914533,2.2422888,63.273182,3.3186717,8.438841,51.343018,42.297707,15.779608,10.564075,2.9102862,5.4187164,4.406796,6.752695,6.493765,12.559162,49.38732,3.850655,6.427841,14.149895,43.041073,16.424086,20.119999,3.2439415,8.370635,52.282448,41.853245,88.01112,19.959114,42.014206,52.682568,100.12571,87.70021,66.24764,85.876144,13.287286,16.899092,72.485054,2.2342546,81.19093,53.07237,31.789661,8.390169,3.5677516,5.26618,12.063699,71.08641,60.2399
2015-06-30 10:00:00,29.6508,18.646885,29.197086,10.793172,1.7215,19.14201,2.2589097,2.6759958,7.18403,19.754927,6.424934,4.775691,21.377232,3.4266791,2.2541192,11.194536,19.1537,5.7563033,9.683298,16.160736,16.977024,12.352448,8.321183,70.12123,28.281275,38.592773,8.465048,3.1595383,3.2212546,21.62481,7.5874844,16.778963,18.343744,2.607149,65.84,6.0745354,3.915462,4.476245,12.657547,12.90031,3.8487625,95.56872,30.882103,5.372676,1.7547894,1.904244,25.273539,5.9681754,13.283103,53.918495,4.8083024,4.458937,12.970367,21.997173,20.412725,1.8684251,6.2340083,73.67462,39.402054,48.89236,28.586893,10.233753,4.3149276,7.714604,25.741394,3.8129022,27.425291,11.4865885,3.1876066,4.60635,3.3657703,4.607248,42.670765,99.58775,40.20237,72.21756,60.935993,44.907402,48.097164,20.515743,5.6484084,39.223877,20.931225,5.098686,2.5376987,4.9536233,49.743404,2.7634008,38.75591,33.184757,52.5401,48.77007,7.9184766,11.79877,2.2027884,62.584137,3.0805233,6.5029488,43.110195,45.454933,13.052976,10.089195,3.219107,4.4667253,3.5961425,6.099467,5.1039553,12.118728,46.119904,2.991569,4.9625125,11.814823,35.025913,14.142814,17.432503,2.9993775,8.332026,45.49242,42.978046,87.48696,20.599628,35.620163,62.17347,83.42521,82.29458,52.880604,70.95632,11.793701,15.533839,67.41928,2.2342086,69.959175,52.08138,29.65861,6.833018,3.073911,4.3346887,12.017168,56.142624,44.748096
2015-06-30 11:00:00,24.13305,15.176824,24.24121,8.176726,1.5409331,16.027231,2.2626479,2.0851939,5.1755857,15.676376,5.611876,3.5272582,18.168585,4.1677012,2.0030987,10.231327,18.353363,4.260006,7.270281,12.49414,12.624998,10.665941,7.643229,49.50257,23.701159,27.940687,6.528997,2.27519,2.490194,18.67227,6.9090643,14.806945,15.668268,2.2115984,53.509735,5.216802,3.1573205,3.2961507,9.969671,11.216129,3.4361382,71.346245,27.729694,4.5355377,1.360944,1.6410462,23.19869,7.405457,11.356575,37.95107,3.5859377,4.148484,9.705054,17.403767,23.759558,1.5865582,5.562606,54.054398,31.153807,40.561314,25.14297,8.320723,3.568536,5.835414,25.03927,2.9869027,28.18887,8.915461,3.2969284,3.321484,2.6546793,3.4843976,27.152796,97.025024,31.301228,47.71322,48.741436,29.353437,45.82878,17.99161,5.108069,33.111767,13.893371,4.2536225,2.2820563,3.926595,41.772957,2.0300872,50.851913,35.101315,53.93672,47.711674,6.0805798,11.274928,2.1169872,49.7805,2.829256,4.9670973,34.109657,37.751427,10.826686,9.598454,3.5661964,3.6740143,2.810157,5.4372587,4.5349674,10.465303,42.690002,2.7784836,3.5751612,9.558484,20.674597,12.4787655,14.546249,2.465583,7.4569006,33.753536,42.06088,77.77636,17.734735,25.327759,64.39204,62.228462,72.1692,37.29903,47.07427,9.537847,13.461339,59.249413,2.667524,52.78562,48.170563,25.490849,5.074424,2.3610153,3.6798036,12.055504,33.100647,26.442266
2015-06-30 12:00:00,19.205202,14.281919,24.697405,7.650676,1.3807771,14.171257,2.4601872,2.1128788,4.635597,13.220218,5.798549,3.304613,16.970774,4.6900134,1.9755644,9.436074,16.042122,3.6943986,6.4230547,11.086475,11.523676,11.223216,7.4627295,43.521843,20.646688,25.737526,5.3554354,1.7743752,2.2082477,16.96079,6.3765755,13.666197,14.931068,2.276263,52.207504,5.0373235,2.932413,2.785167,9.259658,11.750044,3.7212954,58.673744,24.1927,4.6318583,1.3361118,1.8675153,23.626032,9.120181,10.833651,34.80801,3.563507,4.2648063,8.669457,15.700584,26.523865,1.684102,5.210178,46.95522,25.38339,39.965042,26.32945,7.2378983,3.7596588,4.864563,26.675022,2.7822318,34.2617,8.628905,3.739627,2.6268106,2.607492,3.162811,22.246534,89.07481,29.89991,43.928722,44.50001,25.756893,47.131165,17.882807,5.36977,32.42609,12.229961,3.783336,2.38025,3.5455287,38.3009,1.9761974,58.64815,38.451794,61.158936,52.16746,5.652402,11.631045,2.2314603,49.27258,2.521125,4.561681,29.509743,37.733997,8.97997,8.573002,3.950072,3.4825418,2.8899941,4.99028,5.624276,10.479103,45.171867,2.8768773,3.2823718,8.855511,14.842307,11.214202,13.044924,2.06899,7.3593583,31.597094,45.12409,73.47405,15.444717,24.04132,72.53806,59.676254,75.42441,32.657757,39.98397,8.697087,13.071706,64.79084,3.0983574,41.94378,42.32501,23.196579,3.9641547,2.156865,3.5000608,12.92204,25.542606,22.02373
2015-06-30 13:00:00,16.203,13.460793,24.632137,6.908756,1.2564675,12.8749075,2.207352,1.9427758,3.9718676,11.439524,5.315677,3.01212,15.012404,4.8782167,1.9213457,8.598747,14.738922,3.4847164,5.6969285,9.8349085,10.327211,11.351067,7.2215962,38.33332,17.226395,24.01298,4.350252,1.3368689,1.8030326,15.839012,6.041654,12.26163,12.715434,2.1899374,55.192116,4.3487115,2.6925719,2.4697092,8.525344,11.204671,3.6626995,51.49566,21.135635,4.5507383,1.2438744,1.8128437,23.719107,9.735664,9.395491,33.82553,3.4975917,4.4793677,8.088629,13.067322,26.141003,1.6575043,4.8875,43.628025,21.483097,39.37502,26.371895,6.309305,3.3766205,3.9209938,26.160305,2.561373,42.627983,7.9285226,3.9786103,2.0192957,2.2998233,3.0835683,20.01539,67.49072,30.038689,39.151524,38.608524,23.140461,46.170372,16.271753,4.5934877,29.008463,10.682166,3.4960892,2.4360723,3.110374,38.32975,1.7570741,59.55825,42.020744,60.849873,55.125935,5.194563,11.15661,2.3364031,48.55083,2.1691113,4.2995844,24.192087,34.73485,7.6490464,7.7064533,4.217451,3.016621,2.5545447,4.5621815,6.4741993,10.0119915,44.93094,2.5080047,3.1547892,7.495478,11.887112,10.150187,11.575188,1.9810213,7.062057,28.977333,41.72414,69.53527,13.245814,23.809473,75.83058,56.986748,72.14342,28.57117,36.235504,7.80427,12.382371,68.94142,3.135488,34.09302,39.20303,20.592852,3.0069702,1.8954905,3.4733694,13.906749,20.867043,18.529615
2015-06-30 14:00:00,13.193404,13.239427,26.375381,6.947324,1.4010818,12.764256,2.4370217,1.9747689,3.984295,11.320434,5.6301765,2.8840466,14.570488,5.1295505,2.021203,8.776518,13.863733,3.4961278,5.637668,9.970261,9.839448,13.411371,7.5576406,37.310627,16.309153,24.046976,4.055348,1.2370114,1.6504811,15.249811,5.7869987,11.824548,12.193931,2.4770784,58.074196,4.47533,2.6649625,2.7085774,8.867159,12.263981,4.003179,51.48625,19.718765,5.0238934,1.1975623,1.9920344,24.730955,12.051441,9.04004,35.23792,3.5698035,4.5828605,8.329522,13.362089,28.698462,1.6934402,5.088478,42.967117,19.58785,44.31071,29.267447,6.0733147,3.9396942,3.824406,27.398438,2.7211082,58.5463,7.757726,4.0723715,1.8778455,2.302143,3.392941,20.964886,67.00272,32.9826,38.011234,41.167313,22.975323,46.891228,16.00828,4.6911726,29.258717,11.191546,3.5468209,2.4621625,3.1200526,40.521866,1.9124975,68.5073,45.43593,63.661663,57.54238,5.5642476,12.565437,2.5558276,53.068085,2.1381888,4.205214,24.601797,33.81448,7.4423776,7.3406878,5.00526,2.88225,2.5855656,4.508272,8.477081,10.234278,49.039814,2.5553534,3.2486591,7.3056335,10.48541,9.710826,10.795455,1.8031765,7.274828,28.85702,49.155926,71.160995,12.95588,25.101387,83.608925,58.994694,81.86608,30.040667,37.228798,7.5767355,12.919776,71.02889,3.5097704,33.30623,37.71983,20.817978,3.1246867,1.8983617,3.4633322,14.686208,22.197756,18.433756
2015-06-30 15:00:00,13.562125,14.001594,32.684128,7.6756864,1.5475024,13.434271,2.6234891,2.1423438,4.1540346,11.798721,5.974227,3.1191716,16.584288,6.881553,2.4221668,8.974512,13.965024,3.7333949,6.128885,10.70432,10.435117,16.119595,8.819862,41.179806,16.636366,29.01398,4.2264256,1.3127756,1.5558982,16.878939,5.9608135,13.043246,13.418141,2.8030143,66.59954,4.845493,3.0196729,3.0260534,10.214634,13.387008,4.9699183,56.181385,18.81498,5.2571845,1.343613,2.3472078,32.146427,16.422817,9.320367,37.71656,3.7783637,4.8526545,8.94172,13.549576,36.63151,1.8080204,5.909413,47.10623,21.244371,50.618847,36.343372,6.198449,4.549903,4.1517086,34.040302,2.9113727,77.403046,7.709638,4.731003,1.7441047,2.462194,3.7578392,24.336506,68.28337,41.91134,41.038692,46.70057,25.649849,59.365757,17.185495,5.376327,31.17906,12.15915,4.1749234,2.8552077,3.3033972,45.371334,2.1822739,90.21837,58.168335,76.12982,70.02325,5.785454,13.975993,2.8487241,62.197456,2.2736738,4.552025,26.975054,37.892845,8.425599,7.598914,6.1266537,2.884552,2.496338,4.7004523,11.090998,11.122782,61.996746,2.9256992,3.4052248,7.545437,10.961377,10.203545,11.642418,2.0730872,7.8699493,34.419754,59.450027,84.86707,13.664971,29.904108,109.38402,70.528,99.37497,35.76518,43.088264,8.343867,13.822911,97.035385,4.1320834,34.665432,35.449364,20.348825,3.4515932,2.0158865,3.6096299,18.651716,25.732237,21.186666
2015-06-30 16:00:00,13.345204,13.700708,41.532528,8.096771,1.8544887,14.488779,2.7868705,2.345496,4.63015,12.870663,5.8630176,3.098,17.79439,7.810756,2.6407192,8.822352,14.3735285,3.9929447,6.6051455,11.364221,10.677404,18.60707,10.019527,45.130894,16.85568,33.3353,4.3468614,1.4982976,1.625805,18.15111,6.311556,14.290341,13.910803,3.2354035,80.91022,5.058949,3.2072392,3.410806,10.91732,14.867075,5.447508,61.85297,18.774866,5.795348,1.3794721,2.5543244,40.493843,20.956438,9.353426,46.582764,3.922324,5.051713,9.42305,13.874127,47.80489,1.9681524,6.945859,54.104053,22.905859,59.96983,39.242928,6.3402753,4.7993712,4.492626,40.58611,3.0078692,90.48603,7.96683,5.2057667,1.7651132,2.5845995,4.1948466,27.91727,73.61171,49.784996,45.19764,53.71165,29.965052,67.174194,17.907587,5.354744,32.7838,13.5688095,4.5354524,3.0842185,3.5723755,53.43391,2.4060965,119.96345,75.97695,90.54106,84.29962,6.123395,15.64599,3.3647614,75.901825,2.4165707,4.6746616,28.734737,43.123215,8.847633,7.9732823,7.1146274,2.9712322,2.373457,4.9809775,11.974485,12.248799,70.855934,2.9167702,3.8560731,7.627835,11.3070345,10.39591,12.377924,2.2505925,8.725044,39.42306,72.45977,94.86897,13.83911,39.123272,129.48705,83.19509,119.42,40.84557,49.041,8.581924,14.334406,120.76903,4.4866385,37.090546,39.16481,21.069004,3.7147462,2.0409007,3.7575645,20.838404,29.141544,23.587488
2015-06-30 17:00:00,14.846268,14.339995,54.481396,8.348238,2.1208465,16.16874,2.8793182,2.5811594,5.144191,14.976942,5.626303,3.1654723,19.8815,9.631175,2.9642081,9.921967,16.068775,4.1326513,7.5555687,12.631794,11.359246,19.629665,10.656587,52.857708,19.005022,38.00606,4.8788667,1.863326,1.6721464,21.125942,7.1819134,17.323202,15.448429,3.6301982,97.66657,4.903189,3.438672,3.8376231,12.436959,15.998278,5.493676,72.19071,20.585876,6.13376,1.4218229,2.8425796,51.970543,26.311888,10.486321,55.690243,4.109765,5.042072,9.889152,14.55439,68.445816,1.9555192,8.226506,65.29072,25.694622,75.05921,44.491104,6.6254997,4.8926616,4.720337,54.333755,3.2436483,89.32068,8.329798,5.8074713,1.9605242,2.721402,4.553565,30.47632,84.44006,54.924057,51.4954,61.552753,34.147385,79.84438,18.511604,5.4000864,38.78372,14.643219,5.193739,3.3871415,3.5928874,62.467804,2.5286434,176.87805,119.42227,117.42842,105.09465,6.4819784,17.12776,3.6926918,96.355385,2.5304544,4.98808,32.326828,52.459305,9.533964,9.012026,7.4924297,3.2087698,2.3287187,5.117826,11.106608,14.44711,83.247925,2.6738975,4.3016553,7.863207,11.943292,11.145279,13.759165,2.496562,9.91544,46.880825,90.08238,112.55229,14.808554,50.78632,162.63747,95.02424,137.07883,42.91239,53.08193,8.850522,14.791919,148.73505,4.572845,45.622543,44.593575,22.786478,4.2223325,2.0910487,3.9742937,24.574114,32.36202,25.710754
2015-06-30 18:00:00,16.866892,15.498726,69.40624,8.6838045,2.5562212,18.024748,2.8635142,2.7815714,5.7410164,17.910408,6.038266,3.083651,23.322544,10.134365,3.2776573,11.694759,18.277658,4.1104302,8.319229,14.180623,12.568468,18.91414,11.147242,65.1181,21.543982,44.458813,6.024564,2.406196,1.7119192,23.98631,7.982979,21.853443,17.602982,3.570301,113.32808,4.727971,3.5737247,3.8201628,13.505753,17.674765,5.4518113,85.04076,23.008,6.272191,1.4422133,2.7339675,65.726746,31.816095,11.73588,73.54344,4.28957,5.1514444,11.06401,16.381517,90.01566,1.9164507,9.626176,77.29894,30.379597,90.912384,51.485455,7.136073,5.235778,5.6523933,71.31704,3.5903137,78.75514,8.500765,5.6528788,2.3275506,2.9746284,4.624352,33.41884,98.132355,55.24253,58.291374,69.150024,38.208736,97.61537,20.676466,5.7500257,48.518024,15.663015,5.6237674,3.437195,3.5028427,76.50871,2.6923683,261.18835,172.12614,155.7681,132.80139,7.1525393,19.574253,4.0652676,124.12986,2.773139,5.3904366,36.970524,62.698914,10.996286,10.054432,8.067895,3.3980982,2.2706585,5.2813964,8.439805,17.060577,101.15302,2.4882145,4.6563706,8.174352,13.439241,12.963825,15.066723,2.6521482,10.9031315,59.753643,114.09408,142.23497,16.746178,64.24955,204.1546,97.3246,148.01076,43.785538,56.34533,9.604154,15.012636,173.11191,4.502615,55.465744,51.925,26.525814,4.9660254,2.008025,4.393899,29.643274,33.352787,28.98907
2015-06-30 19:00:00,20.108318,18.199966,77.03862,9.1354685,2.9041536,21.296625,3.00688,2.8299143,6.224497,21.684954,5.856456,2.9807203,27.282623,10.551006,3.045598,14.94182,22.37154,4.0932655,9.427546,16.195677,13.767176,17.799345,12.308327,73.10865,25.481983,49.62905,7.0679703,2.9074461,1.821696,27.04499,8.503491,24.813396,19.756758,3.498135,119.64305,4.438584,3.8696628,3.3639207,14.182277,18.957054,4.997417,99.157455,28.826933,6.7123475,1.6165321,2.8531833,75.01878,34.95408,13.906062,87.39666,4.33611,5.6015706,11.923145,19.84982,96.43403,1.9652711,10.947483,87.74502,35.94857,102.59144,61.183235,7.7697988,4.8679304,6.1511097,77.92424,3.877311,70.16192,8.549353,5.58053,2.5397387,2.9955516,4.4105124,36.065353,106.16496,50.168484,65.35165,71.793175,40.957264,114.240814,23.576937,5.953952,61.346405,16.20682,5.9024887,3.178318,3.4686878,90.433495,2.8116076,320.04932,197.6419,174.8936,148.41144,6.9471316,21.224934,4.2563977,137.72923,2.887118,5.846763,41.688934,66.282875,13.471529,10.97152,8.493822,3.4717705,2.3860114,5.9796,6.586606,19.37604,116.233505,2.5482812,4.622091,9.077361,15.78345,14.311691,16.069195,2.936059,11.478654,70.04298,129.6329,169.07834,18.887913,69.8221,228.0277,94.6913,145.40985,43.186256,58.644474,9.64603,14.476892,176.04477,5.3547945,72.87928,60.8647,33.15227,5.7952323,1.9297465,4.8826847,33.82191,31.42515,32.72617
2015-06-30 20:00:00,21.111862,20.075455,68.194626,9.281073,2.8231657,23.91207,3.1433575,2.872983,5.385434,22.190533,5.58997,3.0526454,26.44923,9.609099,2.776008,18.712751,28.736103,3.866781,10.422792,16.815369,13.871654,14.023175,13.648372,74.61538,27.571096,45.075596,7.2775273,3.4272208,1.8438292,30.414434,8.982862,24.489447,18.838694,3.0553026,109.259,4.1044936,3.6959405,3.130725,13.683366,16.573689,4.821812,110.148506,33.3501,6.567594,1.6896844,2.889488,72.3169,33.890335,15.417206,87.25224,4.0356507,5.8308043,12.136217,20.985794,88.19907,1.8569884,11.37452,86.597,38.84876,100.747505,73.20076,8.007029,4.4936748,6.3555865,72.185844,3.9592044,74.71883,7.966711,5.5057116,2.5215843,2.8332677,3.9048967,32.47388,105.43857,37.62401,56.9021,64.5987,31.626045,119.80458,23.219498,5.633914,73.095024,13.446151,6.299996,2.7408726,3.4572852,96.375824,2.6037762,324.93613,186.94287,168.43741,138.25218,6.6550217,19.97885,3.7106388,133.83018,2.898646,5.5960565,43.67105,57.348537,15.330796,11.616653,7.5095787,3.5020013,2.3535912,6.787902,4.9223676,19.706884,113.66003,2.5683935,4.1618013,8.873999,14.448497,15.476854,15.786894,2.8168657,11.24317,66.48079,140.9627,173.8283,20.87458,59.23544,216.87181,70.51493,117.095726,32.762524,48.27045,10.071282,12.961232,141.03018,6.1499057,85.34782,69.260765,41.479656,5.7962346,1.8989416,5.122456,33.793808,23.415865,29.037897
2015-06-30 21:00:00,19.102724,21.231972,57.303864,8.862845,2.5036528,24.045029,3.207622,2.5302935,5.2455506,22.04543,4.909177,2.8516877,25.389545,7.463476,2.3678873,21.364231,32.62548,3.6115592,11.888031,18.398342,13.501903,13.057638,14.42115,77.139534,27.51022,40.358566,7.1397295,3.7025497,2.0008461,32.25651,8.84137,22.061346,17.895966,2.6528187,103.78058,3.8636062,3.6053338,2.999468,13.109674,13.900076,4.8338566,116.32131,34.7485,6.856803,1.7690592,3.3273885,64.3567,32.037857,16.2235,77.54187,3.6903381,5.8199253,11.720369,23.225384,80.82634,1.9472826,12.912736,80.74265,39.47086,95.97385,81.73136,8.088653,4.4798074,5.466855,60.903866,4.150397,91.32349,7.949775,4.8416457,2.4366255,2.6518824,3.424346,29.528278,102.53366,28.45782,46.176796,65.8197,24.555777,117.48781,22.137674,5.0976634,82.80842,11.750733,6.3646765,2.2199628,3.1943202,102.5158,2.4223764,300.49945,156.1925,155.75931,120.45894,5.831216,19.34478,3.272486,115.45173,3.0536659,5.3133087,46.968258,55.96329,17.62418,11.286681,6.971025,3.4494872,2.2504177,7.314314,4.0178876,17.039808,103.81441,2.6068497,3.669302,8.87047,12.667562,15.929438,14.491333,2.5025775,9.848531,57.915028,161.18323,164.90027,21.038788,45.11834,196.44836,55.14001,94.69346,25.616684,43.298233,9.922359,11.928686,117.015076,7.6189985,99.01681,77.06771,47.728325,5.41507,1.9186865,4.6232724,31.234636,17.482916,25.83063
2015-06-30 22:00:00,18.855402,24.329096,51.603783,9.384629,2.6076796,25.63246,3.2131014,2.471864,5.687889,23.032434,4.5965843,2.887965,27.246595,5.653121,2.3399622,26.310797,37.977856,3.7299047,14.670291,21.584528,14.837756,13.912762,13.415341,83.4674,29.171337,39.290302,7.97738,4.0844035,2.3248801,34.1673,8.882028,20.951454,17.576397,2.3476148,102.588715,3.8196225,4.017132,3.3017654,13.817067,13.241424,5.4043965,127.74646,39.308514,7.546572,2.031662,3.7995784,59.584564,29.52552,18.479456,72.49886,4.1047444,5.8874655,12.084726,27.60579,74.53152,2.271051,14.772465,79.99122,41.382137,97.99901,91.548676,9.461028,4.8805304,5.0049543,52.069027,4.7542586,108.62314,8.90617,4.499187,2.615175,2.8259215,3.2250414,27.450884,108.261,24.914452,43.808006,70.243515,21.572742,108.3928,23.217,4.919754,84.53835,12.442552,6.5309486,2.2007818,3.419816,103.792496,2.5025566,269.45724,130.71944,149.84024,107.60728,5.921471,19.219187,3.0764003,109.04116,3.6245093,5.68164,51.195377,60.25981,20.370338,11.63927,6.3781776,3.5958748,2.432226,8.065393,3.5825143,15.105499,100.320145,2.797749,3.8175352,10.398019,13.053231,17.054089,13.82645,2.2449565,9.480739,54.34411,187.43394,156.22243,23.1668,37.13347,196.10051,50.49858,85.24752,24.488373,45.060413,10.926594,12.7078905,112.67526,9.781335,112.2531,87.60453,54.47917,5.595455,2.1704926,4.3686485,28.024538,16.496988,26.631935
2015-06-30 23:00:00,17.011055,23.644686,41.158195,8.301908,2.148026,24.795294,2.7676554,1.9917278,5.2879124,21.86257,4.0664887,2.7692251,22.716755,4.0617948,1.916275,27.693516,40.346317,3.4499223,14.216786,21.454355,14.306093,11.087029,12.238581,81.52994,28.51094,35.915882,7.1926603,3.6937518,2.3419294,33.205223,8.082371,19.308264,15.450627,1.8401717,98.48461,3.2766128,3.4524426,3.3137817,12.206797,10.842831,5.0946794,139.08261,39.032623,7.3072443,1.9667847,3.867711,48.631294,24.464808,17.197159,62.57606,3.8205268,4.9699445,11.569645,27.920052,65.88638,1.9785607,14.245437,72.32105,39.46385,89.44563,90.49282,9.35555,4.3723516,3.7844386,41.464203,4.756694,120.66897,7.631387,4.1169586,2.6157947,2.486381,2.9833534,24.740343,95.5357,18.656557,33.742397,65.254,16.72633,95.90282,21.873354,4.3768425,85.62046,10.95759,6.3784223,1.9414562,2.9352436,102.752266,2.064376,213.9659,103.04913,123.652626,88.27397,4.907422,15.528224,2.6837401,88.54499,3.5473213,5.0877714,48.762005,55.46613,19.989677,10.814701,5.5940466,3.2245126,2.1592543,7.625865,2.598606,12.684884,83.936455,2.4306467,3.3161066,9.583698,11.157961,16.971457,11.900497,1.9942617,7.8141494,43.818027,185.22597,132.9515,21.145214,27.774221,169.52512,33.954754,63.4923,19.701221,38.162663,10.5610485,11.6190195,85.13913,8.806049,116.87561,94.11967,55.67523,4.7945447,2.0517526,3.8054917,22.915504,12.542214,23.167795
